{
  "css/style.css": 1751513467612,
  "controller/App.controller.js": 1751508699001,
  "model/formatter.js": 1751524420392,
  "controller/homeView.controller.js": 1751559288296,
  "model/models.js": 1751558645554,
  "manifest.json": 1751559028254,
  "Component.js": 1751508698993,
  "controller/App-dbg.controller.js": 1751508699001,
  "controller/App.controller.js.map": 1751559306502,
  "model/formatter-dbg.js": 1751524420392,
  "model/formatter.js.map": 1751559306501,
  "controller/homeView-dbg.controller.js": 1751559288296,
  "controller/homeView.controller.js.map": 1751559306530,
  "model/models-dbg.js": 1751558645554,
  "model/models.js.map": 1751559306508,
  "Component-dbg.js": 1751508698993,
  "Component.js.map": 1751559306504,
  "Component-preload.js": 1751559306627,
  "Component-preload.js.map": 1751559306627,
  "view/fragment/listLeave.fragment.xml": 1751508890838,
  "view/fragment/list.fragment.xml": 1751508883082,
  "view/fragment/detail.fragment.xml": 1751508863594,
  "view/fragment/createLeave.fragment.xml": 1751508855182,
  "view/fragment/create.fragment.xml": 1751508842266,
  "view/homeView.view.xml": 1751508803957,
  "view/App.view.xml": 1751508699005,
  "i18n/i18n.properties": 1751524588965,
  "assets/logo.png": 1751513538573,
  "index.html": 1751508698993
}